[{"id":"5nnzA2jVszJ2Hj95t8ra","name":"BaD & Boojee","type":"Cool Boat","length":"300","at_sea":"true"},{"id":"k8Wn8Y2UKUawmTMKqKJp","name":"Moby Dick","type":"Catamaran","length":"10","at_sea":true},{"id":"uXc9ccti14fpKhzv2ZfO","name":"Moby Dick","type":"Catamaran","length":"10","at_sea":true},{"id":"uicc9UoWAQQWERXWnHzD","name":"Moby Dick","type":"Catamaran","length":"10","at_sea":true},{"id":"J7lkUvuueWiPThY11L1z","name":"Moby Dick","type":"Catamaran","length":"10","at_sea":true},{"id":"YYn2VUm4hLiu6ONZXlO5","name":"Moby Dick","type":"Catamaran","length":"10","at_sea":true},{"id":"JbQhjbd7r6iTFZ3IrHKH","name":"Moby Dick","type":"Catamaran","length":"10","at_sea":true},{"id":"gCKtQ8gX6v520HVTebhI","name":"Moby Dick","type":"Catamaran","length":"10","at_sea":true}]